{
  "0": [
    13.118214065494248,
    13.884886458853725,
    23.332955402500616,
    14.567190943384777,
    21.131727236528725,
    8.226176123639258
  ],
  "1": [
    18.00059034919832,
    24.557179315232982,
    0.028780484789361557,
    8.948397660513486,
    14.558791696567399,
    21.25859823512146
  ],
  "2": [
    17.529213331164403,
    28.134552480614122,
    0.028586837587257226,
    0.0290564464298465,
    19.28666899119271,
    22.073665086808614
  ]
}