{
  "0": [
    -3.6737370910525122,
    {
      "distFitness": 4.24759013365793,
      "StabilityLoss": 0.5738530426054174,
      "pitchMean": 0.0011813430344470059,
      "pitchStd": 0.02548397665481094,
      "rollMean": 0.03724149159534136,
      "rollStd": 0.0883288222819474,
      "heightStd": 0.07600695494570499,
      "yawStd": 0.058683932790456965
    }
  ],
  "1": [
    -2.5677182874824362,
    {
      "distFitness": 3.390573042310838,
      "StabilityLoss": 0.8228547548284018,
      "pitchMean": 0.07615028815283344,
      "pitchStd": 0.07285586011274599,
      "rollMean": 0.050409928414349756,
      "rollStd": 0.03046398217371687,
      "heightStd": 0.10614764305640846,
      "yawStd": 0.07539967550414638
    }
  ],
  "2": [
    -4.511830021352512,
    {
      "distFitness": 5.0909292414162515,
      "StabilityLoss": 0.5790992200637386,
      "pitchMean": 0.002457420678062287,
      "pitchStd": 0.12159216045483466,
      "rollMean": 0.007574437762862847,
      "rollStd": 0.036395215048341055,
      "heightStd": 0.08246613232248762,
      "yawStd": 0.03906424376528083
    }
  ]
}