{
  "0": [
    11.099773151811727,
    14.890026249611072,
    18.70847138894379,
    11.154055015402204,
    14.27678795592571,
    15.98949146015515
  ],
  "1": [
    15.453670307504945,
    22.52888707346283,
    0.029231944986774276,
    5.927103925434252,
    14.831832616815033,
    20.039950184881068
  ]
}