{
  "0": [
    -5.223530982180246,
    {
      "distFitness": 5.94658260229854,
      "StabilityLoss": 0.7230516201182944,
      "pitchMean": 0.05996855149739228,
      "pitchStd": 0.05634933392626451,
      "rollMean": 0.02589537928676388,
      "rollStd": 0.09886526306128239,
      "heightStd": 0.07153429751651734,
      "yawStd": 0.04891298477092678
    }
  ],
  "1": [
    -4.008679336044354,
    {
      "distFitness": 5.152887999858423,
      "StabilityLoss": 1.1442086638140694,
      "pitchMean": 0.02258368416223675,
      "pitchStd": 0.12997772934226315,
      "rollMean": 0.15432609098012715,
      "rollStd": 0.06394972300251313,
      "heightStd": 0.09696063209757227,
      "yawStd": 0.10430647232232229
    }
  ]
}