{
  "0": [
    23.833981610652213,
    5.25471089023243,
    17.76571532461045,
    7.937394317759511,
    17.590106396074408,
    16.40675617319454
  ],
  "1": [
    20.237818561137342,
    22.904767443639383,
    0.027462650920885304,
    7.273380221185895,
    13.927743547731856,
    31.667364538045756
  ],
  "2": [
    20.24951467514814,
    20.530994491129725,
    0.027511559593646477,
    0.02820413002433876,
    19.528790382291966,
    22.67091492585605
  ]
}