{
  "0": [
    -3.8959775937888366,
    {
      "distFitness": 4.637050547498825,
      "StabilityLoss": 0.7410729537099886,
      "pitchMean": 0.0015307268554655214,
      "pitchStd": 0.09341480346034073,
      "rollMean": 0.026811033382546156,
      "rollStd": 0.10722772014780518,
      "heightStd": 0.0951481672631694,
      "yawStd": 0.04640402574566731
    }
  ],
  "1": [
    -4.524990635519411,
    {
      "distFitness": 5.364329010977819,
      "StabilityLoss": 0.8393383754584083,
      "pitchMean": 0.0022146007891554595,
      "pitchStd": 0.0714280625282629,
      "rollMean": 0.001184780516390068,
      "rollStd": 0.09517355748665642,
      "heightStd": 0.17057984479699015,
      "yawStd": 0.07908834161174912
    }
  ],
  "2": [
    -3.470522324291011,
    {
      "distFitness": 4.562106404610992,
      "StabilityLoss": 1.091584080319981,
      "pitchMean": 0.022380559445203594,
      "pitchStd": 0.1332689359417852,
      "rollMean": 0.06457560252213929,
      "rollStd": 0.08619675919238766,
      "heightStd": 0.15401508465626143,
      "yawStd": 0.08535509840221331
    }
  ]
}