{
  "0": [
    11.26281648140915,
    14.008739469701494,
    22.268975378236263,
    19.34765768678134,
    12.001996976315633,
    11.634255274627591
  ],
  "1": [
    25.214228645494828,
    18.20484187207767,
    0.028840517534020668,
    7.532587763907698,
    10.765244438596225,
    28.148080227116587
  ],
  "2": [
    28.905738050067644,
    18.420990682919122,
    0.028455375138825425,
    0.028299919740917782,
    20.237228218388434,
    24.970803439824763
  ]
}