{
  "0": [
    -4.568707996343097,
    {
      "distFitness": 5.097521470344768,
      "StabilityLoss": 0.5288134740016717,
      "pitchMean": 0.022986594139377658,
      "pitchStd": 0.06433132792392379,
      "rollMean": 0.018712747919277743,
      "rollStd": 0.04961512977788005,
      "heightStd": 0.054861361603780016,
      "yawStd": 0.053899575636596544
    }
  ],
  "1": [
    -4.531930262961849,
    {
      "distFitness": 5.358575760860117,
      "StabilityLoss": 0.8266454978982682,
      "pitchMean": 0.06134361284760719,
      "pitchStd": 0.06018937113675302,
      "rollMean": 0.05191627441333064,
      "rollStd": 0.0942119429391299,
      "heightStd": 0.09831829933903537,
      "yawStd": 0.047343248273278016
    }
  ],
  "2": [
    -4.110302545607253,
    {
      "distFitness": 4.895404703528589,
      "StabilityLoss": 0.7851021579213366,
      "pitchMean": 0.01470244415407554,
      "pitchStd": 0.09636707707980131,
      "rollMean": 0.06768251768614088,
      "rollStd": 0.06587280467738763,
      "heightStd": 0.0846434882076979,
      "yawStd": 0.06328274715556506
    }
  ]
}