{
  "0": [
    13.864451429810531,
    21.78670785387512,
    7.602277036391509,
    10.423599891422782,
    15.41024694062847,
    19.716262886626645
  ],
  "1": [
    12.847357984535241,
    26.064682271773925,
    0.028195843337258945,
    3.3212911389496487,
    13.916864439689865,
    21.97919279735264
  ]
}