{
  "0": [
    -3.4292788886220165,
    {
      "distFitness": 4.178874520186377,
      "StabilityLoss": 0.7495956315643605,
      "pitchMean": 0.002043727260752348,
      "pitchStd": 0.057413738735021744,
      "rollMean": 0.04767509604207589,
      "rollStd": 0.13330976335831118,
      "heightStd": 0.0553762125467805,
      "yawStd": 0.0789792778392386
    }
  ],
  "1": [
    -2.520392335913594,
    {
      "distFitness": 3.133495473744609,
      "StabilityLoss": 0.6131031378310149,
      "pitchMean": 0.001213986003798103,
      "pitchStd": 0.050250684644873304,
      "rollMean": 0.020964999124892834,
      "rollStd": 0.09193967458153458,
      "heightStd": 0.08901161574643138,
      "yawStd": 0.05317060881397726
    }
  ]
}