{
  "0": [
    15.946991693472956,
    9.42230890695549,
    14.134867528538841,
    5.833955715293996,
    20.081888667303915,
    13.51609403390806
  ],
  "1": [
    17.44179765476535,
    10.129360636304288,
    0.028367033406781653,
    0.1383585271697181,
    16.334415268612794,
    17.361049950045224
  ]
}