{
  "0": [
    -4.778100300562251,
    {
      "distFitness": 5.708942458237479,
      "StabilityLoss": 0.9308421576752274,
      "pitchMean": 0.0798971715157677,
      "pitchStd": 0.10536898895996255,
      "rollMean": 0.02858129856516219,
      "rollStd": 0.05448226987853667,
      "heightStd": 0.10965857153769193,
      "yawStd": 0.08743277838049267
    }
  ],
  "1": [
    -4.236877055912171,
    {
      "distFitness": 5.072933817600136,
      "StabilityLoss": 0.8360567616879655,
      "pitchMean": 0.01690493779725936,
      "pitchStd": 0.04050979332271152,
      "rollMean": 0.13915391561264792,
      "rollStd": 0.03795085754996448,
      "heightStd": 0.13609748464420476,
      "yawStd": 0.047411391917194755
    }
  ]
}