{
  "0": [
    13.648760864472328,
    19.125809505314102,
    11.898570575293464,
    14.156086116024138,
    10.012046407184487,
    16.284944373066537
  ],
  "1": [
    15.769269053599176,
    28.448162734875222,
    0.028509473350519936,
    11.149518501704248,
    10.67896134541564,
    25.953528732895695
  ],
  "2": [
    19.478995138740476,
    28.038986891740933,
    0.02866443741756181,
    0.028715266071958467,
    11.808350097946823,
    27.10243266283457
  ]
}