{
  "0": [
    -4.7992388114660836,
    {
      "distFitness": 5.354048340341709,
      "StabilityLoss": 0.5548095288756255,
      "pitchMean": 0.06036917140972946,
      "pitchStd": 0.06385074728633111,
      "rollMean": 0.004769891713901113,
      "rollStd": 0.043417207651978026,
      "heightStd": 0.07321880408804393,
      "yawStd": 0.031778942287829126
    }
  ],
  "1": [
    -3.3352204774894427,
    {
      "distFitness": 3.93013807009096,
      "StabilityLoss": 0.5949175926015174,
      "pitchMean": 0.01329122291335807,
      "pitchStd": 0.04770555759086614,
      "rollMean": 0.038657341814541724,
      "rollStd": 0.06896592707468283,
      "heightStd": 0.06913655903865294,
      "yawStd": 0.059702187868657004
    }
  ],
  "2": [
    -3.5168366845270387,
    {
      "distFitness": 4.33005235112737,
      "StabilityLoss": 0.8132156666003314,
      "pitchMean": 0.05598861206532699,
      "pitchStd": 0.0746554763505773,
      "rollMean": 0.02254491137524989,
      "rollStd": 0.0960938089058095,
      "heightStd": 0.08413365769037093,
      "yawStd": 0.07319136691283107
    }
  ]
}