{
  "0": [
    15.177261482474083,
    13.400067367283675,
    14.839617861473622,
    17.23989449853155,
    13.073744218493811,
    14.570449322937444
  ],
  "1": [
    20.674206715936695,
    19.268952502071624,
    0.02929741593931491,
    6.887418078796085,
    12.917258992923113,
    26.528535939147694
  ]
}