{
  "0": [
    -4.617350437808966,
    {
      "distFitness": 5.319235115445622,
      "StabilityLoss": 0.7018846776366563,
      "pitchMean": 0.013464134167346249,
      "pitchStd": 0.04065695405833546,
      "rollMean": 0.04259601444646251,
      "rollStd": 0.09884783557327607,
      "heightStd": 0.08770070475062752,
      "yawStd": 0.06767669582228035
    }
  ],
  "1": [
    -4.034754723910717,
    {
      "distFitness": 4.733242905817585,
      "StabilityLoss": 0.6984881819068683,
      "pitchMean": 0.02743493581438088,
      "pitchStd": 0.09351331443821038,
      "rollMean": 0.004894628213999871,
      "rollStd": 0.0926432161525847,
      "heightStd": 0.09400482031766177,
      "yawStd": 0.03675317601659658
    }
  ]
}