{
  "0": [
    25.088576175825438,
    9.244504425500054,
    15.937452489701293,
    9.539606461130704,
    15.735421943400675,
    17.429374768328852
  ],
  "1": [
    23.08321263433827,
    16.92052388948893,
    0.02851976122862349,
    8.490208112231146,
    12.420609605141605,
    23.59096776302419
  ]
}