{
  "0": [
    -5.218157994179869,
    {
      "distFitness": 6.071854283833361,
      "StabilityLoss": 0.8536962896534921,
      "pitchMean": 0.011486478823402042,
      "pitchStd": 0.07251967948744655,
      "rollMean": 0.12017434733958604,
      "rollStd": 0.06230363984345649,
      "heightStd": 0.11518532539837353,
      "yawStd": 0.045178673934481384
    }
  ],
  "1": [
    -5.70973667126336,
    {
      "distFitness": 6.707997080136986,
      "StabilityLoss": 0.9982604088736257,
      "pitchMean": 0.0561656982258283,
      "pitchStd": 0.0986869417247658,
      "rollMean": 0.02356511022638389,
      "rollStd": 0.09182741258951409,
      "heightStd": 0.17431490008187034,
      "yawStd": 0.05457014158845044
    }
  ]
}