{
  "0": [
    4.008798916179997,
    24.03045132890111,
    17.37166016177895,
    23.348379566454483,
    13.422403801116161,
    14.129253569687716
  ],
  "1": [
    9.298338548967148,
    26.420313766847055,
    0.028811881753305593,
    12.715447649249594,
    14.143650601742168,
    13.712182010359053
  ],
  "2": [
    11.519930263589291,
    26.62065509779689,
    0.028385723071793715,
    0.02853152747071969,
    18.68988565420732,
    20.075509461642167
  ]
}