{
  "0": [
    -4.685621020915693,
    {
      "distFitness": 5.212337712867359,
      "StabilityLoss": 0.526716691951665,
      "pitchMean": 0.0036497651222210455,
      "pitchStd": 0.08144071313079568,
      "rollMean": 0.0003877734413739139,
      "rollStd": 0.0430219312906289,
      "heightStd": 0.06828723762217144,
      "yawStd": 0.06657092536864156
    }
  ],
  "1": [
    -4.016563341526061,
    {
      "distFitness": 4.75188893182695,
      "StabilityLoss": 0.7353255903008888,
      "pitchMean": 0.03526272785335702,
      "pitchStd": 0.05793913882694729,
      "rollMean": 0.01708100995553347,
      "rollStd": 0.060555462648418205,
      "heightStd": 0.10962259498986425,
      "yawStd": 0.08720186087632416
    }
  ],
  "2": [
    -3.9703989864276115,
    {
      "distFitness": 4.589633635853471,
      "StabilityLoss": 0.6192346494258598,
      "pitchMean": 0.004943970132808317,
      "pitchStd": 0.041033890185031285,
      "rollMean": 0.013865952016446196,
      "rollStd": 0.06599942292140018,
      "heightStd": 0.07631852393576033,
      "yawStd": 0.1074555655214836
    }
  ]
}