{
  "0": [
    18.23978735342777,
    8.115855412639212,
    15.882657548377756,
    21.058286291444286,
    8.132933474108965,
    20.71506560353834
  ],
  "1": [
    17.671356480328054,
    16.239663703741584,
    0.028748790733516216,
    15.96807313322788,
    9.517754184338264,
    31.53457790480461
  ]
}