{
  "0": [
    -5.00467588124669,
    {
      "distFitness": 5.6896274915296265,
      "StabilityLoss": 0.6849516102829372,
      "pitchMean": 0.013796977355741546,
      "pitchStd": 0.06771847277641116,
      "rollMean": 0.0233858293369849,
      "rollStd": 0.05182067787172795,
      "heightStd": 0.13196198488531558,
      "yawStd": 0.05379186291528742
    }
  ],
  "1": [
    -2.5390469337841624,
    {
      "distFitness": 3.381584798074136,
      "StabilityLoss": 0.8425378642899735,
      "pitchMean": 0.004831698769703507,
      "pitchStd": 0.1498100067993471,
      "rollMean": 0.0721249471384605,
      "rollStd": 0.06530133818852293,
      "heightStd": 0.05301269728890598,
      "yawStd": 0.07618824396004664
    }
  ]
}