{
  "0": [
    18.31704327048501,
    12.990755770091589,
    15.048683314570614,
    14.422181248109943,
    12.620749695785344,
    18.567352574085817
  ],
  "1": [
    27.18654969020281,
    15.036563393254376,
    0.028147954517044126,
    0.5266939190876049,
    13.53461524466402,
    29.30331811286839
  ]
}