{
  "0": [
    -4.677290578708077,
    {
      "distFitness": 5.331369096643201,
      "StabilityLoss": 0.6540785179351232,
      "pitchMean": 0.006610977203369354,
      "pitchStd": 0.11955446009913025,
      "rollMean": 0.021398650705911373,
      "rollStd": 0.05061662970327835,
      "heightStd": 0.05995435743429969,
      "yawStd": 0.06890418382157253
    }
  ],
  "1": [
    -4.472029600004694,
    {
      "distFitness": 5.051778080397198,
      "StabilityLoss": 0.5797484803925038,
      "pitchMean": 0.047666690939756035,
      "pitchStd": 0.04947228286389558,
      "rollMean": 0.036734531569769996,
      "rollStd": 0.05758929132243047,
      "heightStd": 0.07434626934728,
      "yawStd": 0.024065174153119828
    }
  ]
}