{
  "0": [
    15.515529337269253,
    21.467173534282484,
    11.077323714913412,
    19.72125560308923,
    10.519802274529745,
    18.374059492795883
  ],
  "1": [
    16.715854717053784,
    22.144789767971574,
    0.028638573076265553,
    8.900813937489875,
    11.545537177434502,
    27.851064700912683
  ]
}