{
  "0": [
    -3.5046778770720968,
    {
      "distFitness": 4.290735867956268,
      "StabilityLoss": 0.7860579908841714,
      "pitchMean": 0.08169035393239028,
      "pitchStd": 0.0821160233143598,
      "rollMean": 0.005451212500338443,
      "rollStd": 0.03963622250835938,
      "heightStd": 0.11830680113531589,
      "yawStd": 0.06582838205132185
    }
  ],
  "1": [
    -2.6799648803927374,
    {
      "distFitness": 3.4816149742330325,
      "StabilityLoss": 0.8016500938402951,
      "pitchMean": 0.00011871138291705089,
      "pitchStd": 0.14116546056638654,
      "rollMean": 0.03360588659755497,
      "rollStd": 0.10234826536407082,
      "heightStd": 0.08763067017983565,
      "yawStd": 0.03595605282938249
    }
  ]
}