{
  "0": [
    20.089880254789023,
    13.960809727352656,
    12.976052197162062,
    19.592395276351212,
    11.182158466661349,
    20.710760451928945
  ],
  "1": [
    19.24203569191062,
    23.282697156898212,
    0.02826423743972555,
    17.91634963908,
    10.760598010038182,
    32.310711477530035
  ]
}