{
  "0": [
    -3.280325423503477,
    {
      "distFitness": 3.979135501720416,
      "StabilityLoss": 0.6988100782169393,
      "pitchMean": 0.025855556291692967,
      "pitchStd": 0.035669003954104876,
      "rollMean": 0.10767007855853687,
      "rollStd": 0.04452906338765996,
      "heightStd": 0.05522713037080948,
      "yawStd": 0.08045420654566543
    }
  ],
  "1": [
    -3.1835885531761976,
    {
      "distFitness": 3.907614443435538,
      "StabilityLoss": 0.7240258902593408,
      "pitchMean": 0.0009162288561734992,
      "pitchStd": 0.0745771322405148,
      "rollMean": 0.030570962311806702,
      "rollStd": 0.04592369027843158,
      "heightStd": 0.14581360098811594,
      "yawStd": 0.06421133045462792
    }
  ]
}