{
  "0": [
    -4.839420438517903,
    {
      "distFitness": 5.375679419472497,
      "StabilityLoss": 0.5362589809545933,
      "pitchMean": 0.03145036681617815,
      "pitchStd": 0.034279180717932366,
      "rollMean": 0.05882832819673543,
      "rollStd": 0.030177343621735592,
      "heightStd": 0.07125716197255048,
      "yawStd": 0.042137109152164655
    }
  ]
}