{
  "0": [
    18.61009344543175,
    10.256282181312175,
    17.871864458732308,
    14.178768223586182,
    10.80067142205468,
    17.404636623042947
  ],
  "1": [
    22.04449411018674,
    17.08625893157247,
    0.02925506206229329,
    0.5703430461619671,
    11.70836313732046,
    28.094074690520454
  ],
  "2": [
    22.013478833673677,
    15.73550186797899,
    0.028550889661225178,
    0.027975280842899033,
    12.622154950389328,
    26.775162519712467
  ]
}