{
  "0": [
    -6.3506835726464885,
    {
      "distFitness": 7.08011809938835,
      "StabilityLoss": 0.7294345267418614,
      "pitchMean": 0.026252259312968818,
      "pitchStd": 0.07448327194274341,
      "rollMean": 0.01144340111144023,
      "rollStd": 0.103429932201326,
      "heightStd": 0.07956068187701362,
      "yawStd": 0.06954771692543862
    }
  ],
  "1": [
    -3.246399156723623,
    {
      "distFitness": 3.9978697172844195,
      "StabilityLoss": 0.751470560560797,
      "pitchMean": 0.04885961652107653,
      "pitchStd": 0.09988239908395113,
      "rollMean": 0.018687985887906204,
      "rollStd": 0.06640686645973974,
      "heightStd": 0.08347080879476888,
      "yawStd": 0.058427603532956
    }
  ],
  "2": [
    -4.306682293767335,
    {
      "distFitness": 4.881018656121824,
      "StabilityLoss": 0.574336362354488,
      "pitchMean": 0.06786244341204413,
      "pitchStd": 0.056659395915199445,
      "rollMean": 0.01029613937813944,
      "rollStd": 0.052089786098574786,
      "heightStd": 0.055565979955416935,
      "yawStd": 0.0446944364178693
    }
  ]
}