{
  "0": [
    16.592888968042097,
    12.042377390351612,
    16.590317202394363,
    18.47431283282737,
    7.145731655818721,
    18.508165226597338
  ],
  "1": [
    18.448125577279523,
    21.57416559541598,
    0.03079902137784908,
    14.26000326492746,
    7.372917144943495,
    24.644600474543402
  ]
}