{
  "0": [
    -5.6604625959184265,
    {
      "distFitness": 6.138021792937841,
      "StabilityLoss": 0.47755919701941396,
      "pitchMean": 0.03676258357008919,
      "pitchStd": 0.03679490946017045,
      "rollMean": 0.0036977160445530897,
      "rollStd": 0.08169336736932716,
      "heightStd": 0.047562746185732516,
      "yawStd": 0.032268275879834545
    }
  ],
  "1": [
    -4.166496954301809,
    {
      "distFitness": 4.769623810906115,
      "StabilityLoss": 0.603126856604306,
      "pitchMean": 0.010662539106121294,
      "pitchStd": 0.05676004972941831,
      "rollMean": 0.0008014357864713737,
      "rollStd": 0.0716176695544285,
      "heightStd": 0.12326993329405093,
      "yawStd": 0.038451800831662546
    }
  ]
}