{
  "0": [
    16.027014155480234,
    16.347879405459388,
    21.11198883600106,
    24.359953603237713,
    13.428717049376186,
    7.766854376534078
  ],
  "1": [
    14.912365715473424,
    26.184811702157216,
    0.033003699851299945,
    17.96680835481966,
    14.100541472567905,
    16.82849615914747
  ]
}