{
  "0": [
    -2.8154600840746253,
    {
      "distFitness": 3.388259018029024,
      "StabilityLoss": 0.5727989339543986,
      "pitchMean": 0.015780882275430487,
      "pitchStd": 0.07955063313555145,
      "rollMean": 0.018379281280188783,
      "rollStd": 0.07469165955764241,
      "heightStd": 0.05796605439333963,
      "yawStd": 0.04003095633504654
    }
  ],
  "1": [
    -3.807772985252638,
    {
      "distFitness": 4.351237438256308,
      "StabilityLoss": 0.5434644530036697,
      "pitchMean": 0.011770069587995143,
      "pitchStd": 0.07259778759866091,
      "rollMean": 0.055223948853381444,
      "rollStd": 0.04116320293164634,
      "heightStd": 0.05287206393035016,
      "yawStd": 0.03810515359980088
    }
  ]
}